<Customization level="999" description="" product-version="21.103">
    <Graph ClassName="UncompiledTests" Source="#CDATA" IsNew="True" FileType="NewFile">
        <CDATA name="Source"><![CDATA[using PX.Common;
using PX.Data;
using PX.SM;
using System;
using System.Collections.Generic;
using System.Linq;
using System.Reflection;
using Customization;

namespace AcuChecker
{
  //Customization plugin is used to execute custom actions after customization project was published  
  public class UncompiledTests : CustomizationPlugin
  {


    //This method executed after customization was published and website was restarted.  
        public override void UpdateDatabase()
        {
            //Get all IBQL Tables to test SQL
            AcuChecker.CustomizationChecker.WriteLog("Test DAC Classes","font-weight:bold;font-size:xx-large;");
            var custDLLs = PXSelect<CustObject, Where<CustObject.name, Like<Required<CustObject.name>>, And<CustObject.type, Equal<Required<CustObject.type>>>>>.Select(new PXGraph(), "%.dll", "file").RowCast<CustObject>().ToList();
            foreach (var custDLL in custDLLs)
            {
              if(AcuChecker.CustomizationChecker.DllExists(custDLL.Name))
              {
                AcuChecker.CustomizationChecker.WriteLog(string.Format("Testing {0}", custDLL.Name.Replace("File#","")),"font-weight:bold;font-size:x-large;");
                AcuChecker.CustomizationChecker.TestDLL(custDLL.Name);
              }
            }
            AcuChecker.CustomizationChecker.WriteLog(string.Format("Testing {0}", Assembly.GetExecutingAssembly().GetName().Name),"font-weight:bold;font-size:x-large;");
            AcuChecker.CustomizationChecker.TestDLL(Assembly.GetExecutingAssembly().Location);
                 

                
        }
  }
}]]></CDATA>
    </Graph>
    <File AppRelativePath="Bin\AcuChecker.dll" />
    <File AppRelativePath="Bin\AcuChecker.pdb" />
</Customization>